{
    "avatar": "http://p33k8pinb.bkt.clouddn.com/18-3-8/42928697.jpg",
    "name": "Barwe",
	"tag": "流浪的皮皮虾",
    "desc": "青山不老。绿水长流",
    "skills": {
        "Python1": 6,
		"Python2": 6,
		"Python3": 6
    },
    "projects": [{
		"name": "你的项目A",
		"image": "http://p33k8pinb.bkt.clouddn.com/18-3-8/42928697.jpg",
		"tags": ["2016年", "项目标签"],
		"description": "你的项目A的简介",
		"link_text": "网站链接",
		"link": "https://chenyin.top"
	}, {
		"name": "你的作品B",
		"image": "http://p33k8pinb.bkt.clouddn.com/18-3-8/42928697.jpg",
		"description": "你的作品B的简介",
		"tags": ["Github", "设计"],
		"link_text": "Github地址",
		"link": "https://chenyin.top"
	}],
	"reward": [
	    "http://p33k8pinb.bkt.clouddn.com/18-3-8/42928697.jpg",
		"http://p33k8pinb.bkt.clouddn.com/18-3-8/42928697.jpg"
	]
}
